Year,Region,Season,Crop,N,P,K,pH,Temperature,Humidity,Rainfall,SoilType,Irrigation,Moisture,CropHealthIndex,CropHealthLabel
2015,Punjab,Rabi,Wheat,130.46,46.49,37.66,7.59,16.49,68.62,75.91,Clay,Irrigated,24.84,0.56,Moderate
2015,Punjab,Rabi,Wheat,104.84,21.3,22.75,6.52,16.63,65.37,31.37,Sandy,Rainfed,10.95,0.36,Poor
2015,Punjab,Rabi,Wheat,95.48,51.01,25.75,6.53,12.28,55.88,108.63,Clay,Rainfed,19.99,0.42,Poor
2015,Punjab,Rabi,Wheat,87.97,77.78,39.87,6.27,16.13,63.99,38.33,Sandy,Irrigated,20.06,0.5,Moderate
2015,Punjab,Rabi,Mustard,103.94,61.08,41.71,6.74,15.63,50.4,0.0,Loamy,Rainfed,11.58,0.41,Poor
2015,Punjab,Rabi,Mustard,106.87,23.55,43.24,6.61,12.84,65.39,92.28,Sandy,Rainfed,14.46,0.46,Poor
2015,Punjab,Rabi,Mustard,93.82,54.97,49.76,6.56,18.09,79.31,16.43,Loamy,Irrigated,18.43,0.48,Poor
2015,Punjab,Rabi,Mustard,98.56,65.05,43.62,6.48,11.41,78.13,104.25,Loamy,Irrigated,23.56,0.67,Moderate
2015,Punjab,Rabi,Barley,116.44,51.31,37.01,6.85,14.89,85.65,0.0,Clay,Rainfed,12.19,0.46,Poor
2015,Punjab,Rabi,Barley,83.83,42.47,49.15,6.96,16.07,84.78,29.27,Sandy,Rainfed,17.19,0.51,Moderate
2015,Punjab,Rabi,Barley,93.45,44.12,25.36,6.95,15.29,79.69,21.92,Loamy,Rainfed,20.9,0.46,Poor
2015,Punjab,Rabi,Barley,93.15,37.97,38.39,7.0,14.3,55.85,33.17,Loamy,Rainfed,24.6,0.52,Moderate
2015,Punjab,Kharif,Rice,99.47,50.9,64.63,6.7,30.77,69.26,103.25,Clay,Irrigated,23.46,0.62,Moderate
2015,Punjab,Kharif,Rice,115.82,36.36,54.03,6.1,26.49,81.43,210.08,Clay,Irrigated,30.52,0.74,Moderate
2015,Punjab,Kharif,Rice,89.93,26.74,40.69,6.27,27.03,64.34,183.99,Loamy,Rainfed,23.75,0.44,Poor
2015,Punjab,Kharif,Rice,116.27,31.54,42.27,7.45,34.65,62.17,167.12,Loamy,Rainfed,12.41,0.45,Poor
2015,Punjab,Kharif,Bajra,73.59,57.83,42.97,6.93,30.78,77.82,130.52,Loamy,Rainfed,24.21,0.51,Moderate
2015,Punjab,Kharif,Bajra,137.32,57.11,28.09,7.13,30.7,72.93,151.43,Sandy,Rainfed,16.26,0.56,Moderate
2015,Punjab,Kharif,Bajra,108.26,62.33,58.97,6.68,33.48,61.79,218.54,Sandy,Irrigated,17.15,0.54,Moderate
2015,Punjab,Kharif,Bajra,105.53,62.41,40.13,7.53,27.55,69.23,193.65,Sandy,Rainfed,20.33,0.69,Moderate
2015,Punjab,Kharif,Cotton,109.65,46.65,47.14,7.04,31.88,61.43,137.16,Loamy,Rainfed,19.04,0.49,Poor
2015,Punjab,Kharif,Cotton,104.28,31.31,41.73,6.99,25.46,65.53,214.26,Clay,Irrigated,20.12,0.5,Poor
2015,Punjab,Kharif,Cotton,111.22,66.25,50.54,6.11,30.17,58.57,194.31,Sandy,Irrigated,14.85,0.58,Moderate
2015,Punjab,Kharif,Cotton,111.42,67.03,49.54,7.13,31.54,75.15,300.0,Loamy,Rainfed,25.45,0.68,Moderate
2015,Punjab,Kharif,Maize,101.64,84.72,21.33,7.14,27.68,67.63,160.59,Sandy,Rainfed,12.28,0.46,Poor
2015,Punjab,Kharif,Maize,85.69,60.19,32.7,6.91,33.27,70.64,136.89,Sandy,Rainfed,20.46,0.47,Poor
2015,Punjab,Kharif,Maize,103.73,40.07,48.52,6.4,36.43,76.34,98.99,Sandy,Irrigated,19.66,0.55,Moderate
2015,Punjab,Kharif,Maize,90.5,40.2,57.65,7.0,32.6,58.0,166.62,Clay,Irrigated,15.29,0.54,Moderate
2015,Punjab,Zaid,Moong,90.32,69.0,32.92,7.02,34.37,80.32,29.23,Loamy,Irrigated,23.81,0.51,Moderate
2015,Punjab,Zaid,Moong,94.95,31.28,56.32,6.08,27.82,37.59,49.02,Clay,Rainfed,11.79,0.46,Poor
2015,Punjab,Zaid,Moong,100.2,35.28,44.62,6.9,32.32,55.64,136.53,Clay,Rainfed,17.22,0.48,Poor
2015,Punjab,Zaid,Moong,131.72,31.43,61.33,5.82,26.84,71.14,116.49,Sandy,Irrigated,18.96,0.6,Moderate
2015,Punjab,Zaid,Watermelon,90.14,41.16,48.5,6.98,28.84,63.77,81.68,Loamy,Irrigated,14.74,0.51,Moderate
2015,Punjab,Zaid,Watermelon,83.42,41.6,47.47,7.11,28.92,78.13,115.19,Loamy,Rainfed,21.98,0.52,Moderate
2015,Punjab,Zaid,Watermelon,95.96,46.73,50.99,7.21,31.83,64.08,111.88,Clay,Rainfed,25.24,0.64,Moderate
2015,Punjab,Zaid,Watermelon,106.48,48.05,40.97,7.1,28.06,76.82,77.59,Loamy,Rainfed,16.6,0.6,Moderate
2015,Punjab,Zaid,Cucumber,115.83,59.36,46.28,6.79,24.98,57.86,136.32,Sandy,Irrigated,13.18,0.53,Moderate
2015,Punjab,Zaid,Cucumber,83.49,45.18,44.13,6.52,25.97,79.75,84.12,Clay,Rainfed,19.36,0.5,Moderate
2015,Punjab,Zaid,Cucumber,104.64,28.28,25.93,6.44,28.73,64.93,71.16,Clay,Irrigated,19.05,0.44,Poor
2015,Punjab,Zaid,Cucumber,99.62,34.96,39.81,6.66,32.43,78.58,83.6,Loamy,Irrigated,22.84,0.47,Poor
2016,Punjab,Rabi,Wheat,141.53,55.73,44.3,7.32,13.95,66.51,37.13,Clay,Irrigated,20.61,0.59,Moderate
2016,Punjab,Rabi,Wheat,114.55,50.78,47.33,6.76,14.41,69.28,48.51,Loamy,Irrigated,18.71,0.45,Poor
2016,Punjab,Rabi,Wheat,50.0,81.33,38.6,7.35,17.75,73.46,89.92,Sandy,Irrigated,14.19,0.5,Moderate
2016,Punjab,Rabi,Wheat,96.19,53.26,48.7,7.05,11.84,63.76,126.56,Sandy,Rainfed,19.3,0.56,Moderate
2016,Punjab,Rabi,Mustard,121.01,66.58,51.87,7.12,22.21,69.42,58.04,Clay,Rainfed,14.91,0.66,Moderate
2016,Punjab,Rabi,Mustard,98.72,54.93,43.21,7.01,11.56,73.03,19.83,Sandy,Rainfed,25.27,0.6,Moderate
2016,Punjab,Rabi,Mustard,75.45,58.96,47.01,6.65,14.27,79.64,97.58,Sandy,Irrigated,27.73,0.58,Moderate
2016,Punjab,Rabi,Mustard,78.07,28.4,55.95,6.38,15.38,68.27,50.62,Clay,Irrigated,15.22,0.34,Poor
2016,Punjab,Rabi,Barley,120.2,39.68,62.52,7.29,13.08,56.77,115.68,Clay,Irrigated,18.2,0.45,Poor
2016,Punjab,Rabi,Barley,120.45,86.6,53.84,7.08,21.87,56.1,0.0,Loamy,Rainfed,17.19,0.69,Moderate
2016,Punjab,Rabi,Barley,98.75,38.69,37.19,5.95,17.28,72.81,54.17,Loamy,Irrigated,18.7,0.42,Poor
2016,Punjab,Rabi,Barley,118.37,26.44,30.1,7.27,11.69,71.8,105.68,Sandy,Irrigated,14.62,0.41,Poor
2016,Punjab,Kharif,Rice,73.32,40.98,43.2,6.0,31.65,60.32,184.22,Sandy,Irrigated,21.79,0.49,Poor
2016,Punjab,Kharif,Rice,102.5,43.56,41.22,7.07,31.66,72.24,234.57,Loamy,Rainfed,24.73,0.55,Moderate
2016,Punjab,Kharif,Rice,134.99,31.34,33.07,6.44,27.89,63.37,123.9,Loamy,Irrigated,23.87,0.52,Moderate
2016,Punjab,Kharif,Rice,83.29,82.18,28.12,6.95,33.74,63.27,191.16,Sandy,Irrigated,23.56,0.58,Moderate
2016,Punjab,Kharif,Bajra,97.06,64.46,62.11,6.52,29.44,68.7,181.75,Clay,Rainfed,17.34,0.58,Moderate
2016,Punjab,Kharif,Bajra,133.55,41.7,45.69,7.61,37.74,61.96,245.56,Sandy,Rainfed,19.86,0.55,Moderate
2016,Punjab,Kharif,Bajra,75.52,50.51,32.3,6.92,28.25,59.85,154.03,Clay,Rainfed,13.81,0.43,Poor
2016,Punjab,Kharif,Bajra,124.55,31.86,56.73,7.01,32.5,50.06,194.96,Loamy,Irrigated,15.34,0.52,Moderate
2016,Punjab,Kharif,Cotton,81.59,52.54,25.86,6.74,31.67,70.76,201.55,Loamy,Irrigated,18.68,0.41,Poor
2016,Punjab,Kharif,Cotton,78.15,45.25,52.13,6.87,33.71,80.91,204.37,Loamy,Rainfed,36.91,0.67,Moderate
2016,Punjab,Kharif,Cotton,96.95,60.62,49.57,6.41,30.58,66.91,185.34,Loamy,Irrigated,15.29,0.44,Poor
2016,Punjab,Kharif,Cotton,107.77,87.39,39.94,7.22,31.52,58.97,93.88,Loamy,Rainfed,18.02,0.59,Moderate
2016,Punjab,Kharif,Maize,106.43,39.98,49.92,6.71,32.76,67.1,190.7,Sandy,Rainfed,17.36,0.54,Moderate
2016,Punjab,Kharif,Maize,121.72,57.12,39.75,7.21,27.3,70.28,179.64,Sandy,Rainfed,28.4,0.66,Moderate
2016,Punjab,Kharif,Maize,93.9,40.86,38.13,6.83,30.03,56.88,137.4,Clay,Rainfed,23.15,0.51,Moderate
2016,Punjab,Kharif,Maize,81.21,47.84,27.9,7.1,31.46,70.64,100.98,Clay,Rainfed,29.81,0.59,Moderate
2016,Punjab,Zaid,Moong,93.26,40.8,36.98,6.61,27.36,84.91,95.95,Loamy,Irrigated,23.71,0.52,Moderate
2016,Punjab,Zaid,Moong,118.99,27.73,20.0,7.27,28.01,74.37,137.63,Loamy,Rainfed,15.17,0.39,Poor
2016,Punjab,Zaid,Moong,115.18,41.35,20.0,6.53,24.49,51.98,111.66,Sandy,Rainfed,17.7,0.37,Poor
2016,Punjab,Zaid,Moong,102.39,35.4,51.97,6.72,28.55,69.85,113.17,Sandy,Rainfed,19.23,0.47,Poor
2016,Punjab,Zaid,Watermelon,134.23,29.42,23.86,7.54,26.67,61.15,83.08,Sandy,Rainfed,15.68,0.4,Poor
2016,Punjab,Zaid,Watermelon,113.56,42.68,61.57,6.5,31.12,63.94,163.04,Sandy,Rainfed,23.39,0.62,Moderate
2016,Punjab,Zaid,Watermelon,84.93,56.9,33.22,7.81,31.91,85.62,91.28,Clay,Irrigated,25.54,0.52,Moderate
2016,Punjab,Zaid,Watermelon,124.01,40.15,29.53,7.07,28.55,56.53,51.14,Loamy,Irrigated,21.77,0.55,Moderate
2016,Punjab,Zaid,Cucumber,130.03,45.16,37.49,7.46,30.99,62.43,33.13,Sandy,Rainfed,18.26,0.55,Moderate
2016,Punjab,Zaid,Cucumber,101.14,54.03,55.28,7.05,34.5,63.56,127.11,Clay,Irrigated,24.22,0.66,Moderate
2016,Punjab,Zaid,Cucumber,60.67,80.84,28.97,6.69,26.91,61.61,48.21,Sandy,Rainfed,14.38,0.47,Poor
2016,Punjab,Zaid,Cucumber,96.66,54.24,37.51,7.6,30.45,78.6,66.68,Loamy,Rainfed,23.18,0.58,Moderate
2017,Punjab,Rabi,Wheat,122.8,73.71,29.85,6.39,11.67,72.47,69.93,Loamy,Rainfed,13.3,0.51,Moderate
2017,Punjab,Rabi,Wheat,93.6,52.28,31.65,7.84,16.4,79.87,46.96,Loamy,Rainfed,12.35,0.44,Poor
2017,Punjab,Rabi,Wheat,92.85,47.29,53.73,5.69,21.07,70.07,42.4,Sandy,Rainfed,24.95,0.51,Moderate
2017,Punjab,Rabi,Wheat,68.04,56.93,60.24,6.12,14.2,65.71,73.54,Sandy,Irrigated,18.3,0.5,Moderate
2017,Punjab,Rabi,Mustard,109.76,77.07,38.09,7.16,16.28,70.19,24.34,Loamy,Rainfed,11.3,0.47,Poor
2017,Punjab,Rabi,Mustard,93.74,49.99,27.5,7.1,16.42,84.84,64.22,Clay,Rainfed,28.31,0.52,Moderate
2017,Punjab,Rabi,Mustard,98.68,81.5,37.53,6.62,13.59,72.66,32.53,Sandy,Irrigated,14.27,0.57,Moderate
2017,Punjab,Rabi,Mustard,128.39,40.99,21.33,7.3,14.46,63.51,102.85,Clay,Rainfed,17.36,0.5,Moderate
2017,Punjab,Rabi,Barley,114.62,50.21,30.46,6.6,10.0,78.93,1.55,Clay,Rainfed,24.26,0.55,Moderate
2017,Punjab,Rabi,Barley,132.34,51.57,31.01,6.13,16.75,89.76,0.0,Sandy,Rainfed,19.01,0.58,Moderate
2017,Punjab,Rabi,Barley,99.76,31.21,43.64,7.24,14.62,85.11,0.0,Sandy,Irrigated,16.92,0.33,Poor
2017,Punjab,Rabi,Barley,124.72,33.93,46.8,7.4,15.6,74.37,66.17,Loamy,Rainfed,10.97,0.48,Poor
2017,Punjab,Kharif,Rice,90.26,39.86,40.34,6.26,28.49,69.18,193.91,Clay,Irrigated,19.23,0.51,Moderate
2017,Punjab,Kharif,Rice,65.48,39.84,51.94,6.31,26.55,76.66,198.5,Loamy,Rainfed,21.97,0.52,Moderate
2017,Punjab,Kharif,Rice,128.45,76.08,49.79,6.84,32.35,67.48,156.1,Sandy,Irrigated,16.14,0.57,Moderate
2017,Punjab,Kharif,Rice,113.01,27.45,50.52,6.3,31.57,74.18,236.06,Clay,Rainfed,25.0,0.57,Moderate
2017,Punjab,Kharif,Bajra,96.34,58.02,48.88,6.64,35.99,90.0,204.27,Clay,Rainfed,38.1,0.71,Moderate
2017,Punjab,Kharif,Bajra,116.78,40.74,34.42,6.25,31.49,76.66,196.86,Loamy,Irrigated,26.44,0.6,Moderate
2017,Punjab,Kharif,Bajra,113.37,33.62,36.13,7.15,31.37,86.74,179.78,Loamy,Irrigated,29.99,0.55,Moderate
2017,Punjab,Kharif,Bajra,117.81,58.63,45.01,6.82,29.79,54.82,165.72,Clay,Irrigated,20.97,0.55,Moderate
2017,Punjab,Kharif,Cotton,89.48,20.0,50.97,6.56,32.1,74.21,199.68,Sandy,Irrigated,18.52,0.49,Poor
2017,Punjab,Kharif,Cotton,113.67,29.51,52.12,6.93,28.82,80.6,204.68,Sandy,Irrigated,22.41,0.55,Moderate
2017,Punjab,Kharif,Cotton,72.95,27.16,51.13,6.49,24.67,74.09,138.83,Clay,Irrigated,31.65,0.53,Moderate
2017,Punjab,Kharif,Cotton,96.88,41.78,41.6,7.05,24.88,58.83,229.43,Sandy,Rainfed,26.24,0.62,Moderate
2017,Punjab,Kharif,Maize,105.21,35.54,30.43,6.97,28.92,56.74,163.46,Loamy,Irrigated,19.01,0.46,Poor
2017,Punjab,Kharif,Maize,117.8,65.53,21.54,6.34,27.72,67.7,143.03,Loamy,Irrigated,13.35,0.44,Poor
2017,Punjab,Kharif,Maize,79.92,53.11,40.69,6.44,29.75,55.5,143.13,Sandy,Irrigated,18.28,0.46,Poor
2017,Punjab,Kharif,Maize,74.01,62.45,48.11,6.23,29.19,86.73,233.62,Sandy,Irrigated,30.45,0.7,Moderate
2017,Punjab,Zaid,Moong,105.43,58.27,43.41,7.0,24.63,60.82,130.71,Sandy,Rainfed,11.45,0.54,Moderate
2017,Punjab,Zaid,Moong,69.38,57.71,45.72,6.77,31.51,67.71,88.26,Sandy,Irrigated,23.81,0.53,Moderate
2017,Punjab,Zaid,Moong,96.51,53.38,36.3,6.73,29.69,59.8,89.06,Loamy,Irrigated,21.76,0.5,Moderate
2017,Punjab,Zaid,Moong,74.15,60.35,34.97,6.93,23.18,87.5,145.26,Loamy,Irrigated,26.33,0.53,Moderate
2017,Punjab,Zaid,Watermelon,83.36,48.99,32.84,7.14,25.65,63.09,53.35,Sandy,Rainfed,23.66,0.47,Poor
2017,Punjab,Zaid,Watermelon,101.52,61.14,44.82,6.18,28.72,75.0,108.88,Clay,Irrigated,27.61,0.66,Moderate
2017,Punjab,Zaid,Watermelon,95.81,66.09,63.64,6.41,25.71,70.38,117.33,Loamy,Rainfed,13.69,0.58,Moderate
2017,Punjab,Zaid,Watermelon,73.23,60.39,33.94,7.66,30.16,67.69,148.13,Sandy,Rainfed,29.94,0.53,Moderate
2017,Punjab,Zaid,Cucumber,99.09,50.38,20.8,6.79,26.35,78.6,74.51,Sandy,Irrigated,16.51,0.41,Poor
2017,Punjab,Zaid,Cucumber,94.42,45.8,47.9,6.97,32.33,57.43,122.53,Sandy,Rainfed,20.02,0.57,Moderate
2017,Punjab,Zaid,Cucumber,83.49,90.0,52.45,6.12,27.01,63.88,46.59,Clay,Irrigated,12.56,0.59,Moderate
2017,Punjab,Zaid,Cucumber,97.49,54.92,40.86,5.69,29.64,75.49,79.8,Loamy,Irrigated,19.34,0.48,Poor
2018,Punjab,Rabi,Wheat,121.17,47.41,47.72,7.02,15.04,90.0,0.0,Sandy,Irrigated,16.33,0.55,Moderate
2018,Punjab,Rabi,Wheat,112.77,65.87,43.68,6.87,10.0,76.03,61.93,Sandy,Irrigated,14.66,0.5,Moderate
2018,Punjab,Rabi,Wheat,100.92,36.43,51.73,7.13,18.56,84.36,40.48,Loamy,Rainfed,30.79,0.57,Moderate
2018,Punjab,Rabi,Wheat,95.69,36.91,48.81,7.16,13.87,72.31,75.86,Loamy,Rainfed,15.16,0.54,Moderate
2018,Punjab,Rabi,Mustard,111.08,37.07,40.3,5.72,18.51,71.34,53.18,Clay,Irrigated,25.25,0.47,Poor
2018,Punjab,Rabi,Mustard,87.45,45.68,54.19,5.56,19.51,66.7,41.53,Loamy,Rainfed,23.97,0.58,Moderate
2018,Punjab,Rabi,Mustard,81.09,32.7,51.37,6.97,11.38,59.25,117.06,Sandy,Rainfed,12.67,0.44,Poor
2018,Punjab,Rabi,Mustard,110.64,55.42,57.61,6.8,11.92,81.01,92.45,Loamy,Rainfed,16.07,0.59,Moderate
2018,Punjab,Rabi,Barley,108.33,49.19,30.18,7.36,21.26,59.85,35.54,Clay,Irrigated,29.64,0.59,Moderate
2018,Punjab,Rabi,Barley,122.08,57.13,39.98,6.51,12.29,54.51,60.32,Clay,Irrigated,12.25,0.54,Moderate
2018,Punjab,Rabi,Barley,111.48,70.99,26.58,6.12,17.74,54.54,113.59,Sandy,Rainfed,15.57,0.53,Moderate
2018,Punjab,Rabi,Barley,79.47,68.45,30.35,7.61,20.39,77.06,40.29,Clay,Rainfed,20.2,0.59,Moderate
2018,Punjab,Kharif,Rice,93.18,56.42,40.77,6.5,32.04,68.63,159.22,Loamy,Irrigated,20.67,0.54,Moderate
2018,Punjab,Kharif,Rice,76.93,24.69,22.06,6.12,23.61,74.58,140.81,Sandy,Rainfed,17.6,0.46,Poor
2018,Punjab,Kharif,Rice,102.62,48.84,28.05,7.53,28.42,71.78,196.02,Loamy,Irrigated,32.27,0.5,Poor
2018,Punjab,Kharif,Rice,110.12,39.08,61.65,7.4,26.93,67.2,141.42,Sandy,Rainfed,20.75,0.63,Moderate
2018,Punjab,Kharif,Bajra,101.56,62.92,41.39,6.01,33.32,64.36,147.35,Sandy,Irrigated,15.28,0.51,Moderate
2018,Punjab,Kharif,Bajra,110.11,72.34,62.71,6.6,29.77,89.73,124.56,Clay,Rainfed,29.14,0.75,Moderate
2018,Punjab,Kharif,Bajra,50.0,60.23,41.26,6.69,30.59,69.01,197.44,Loamy,Rainfed,32.96,0.55,Moderate
2018,Punjab,Kharif,Bajra,89.0,47.79,48.41,6.9,28.79,89.92,146.72,Loamy,Rainfed,18.92,0.49,Poor
2018,Punjab,Kharif,Cotton,108.36,23.36,50.64,6.93,28.18,69.23,197.03,Clay,Irrigated,31.68,0.62,Moderate
2018,Punjab,Kharif,Cotton,110.45,48.53,62.72,7.24,33.3,74.67,233.85,Sandy,Rainfed,26.82,0.59,Moderate
2018,Punjab,Kharif,Cotton,87.72,52.11,55.89,7.15,26.14,72.93,185.82,Sandy,Rainfed,16.46,0.52,Moderate
2018,Punjab,Kharif,Cotton,90.45,31.17,38.72,6.52,27.59,66.12,163.46,Clay,Irrigated,10.0,0.48,Poor
2018,Punjab,Kharif,Maize,76.57,75.44,58.97,6.88,33.27,66.24,180.75,Loamy,Rainfed,26.79,0.66,Moderate
2018,Punjab,Kharif,Maize,90.91,46.72,39.09,6.76,25.99,65.88,185.28,Loamy,Irrigated,22.0,0.46,Poor
2018,Punjab,Kharif,Maize,57.89,67.3,53.86,6.65,27.85,57.15,219.11,Sandy,Rainfed,10.0,0.44,Poor
2018,Punjab,Kharif,Maize,130.6,59.97,30.75,6.0,29.81,59.89,159.39,Loamy,Rainfed,18.13,0.53,Moderate
2018,Punjab,Zaid,Moong,138.7,62.23,39.52,6.71,29.49,64.65,110.46,Clay,Irrigated,19.46,0.65,Moderate
2018,Punjab,Zaid,Moong,89.96,29.41,43.23,6.77,26.12,70.45,92.05,Sandy,Irrigated,21.35,0.45,Poor
2018,Punjab,Zaid,Moong,65.05,56.52,44.75,6.4,31.66,61.23,158.48,Sandy,Irrigated,21.12,0.57,Moderate
2018,Punjab,Zaid,Moong,80.69,74.44,34.18,6.21,21.35,75.03,0.0,Clay,Rainfed,19.02,0.63,Moderate
2018,Punjab,Zaid,Watermelon,137.15,48.45,27.61,7.85,22.5,59.49,149.9,Clay,Irrigated,29.37,0.64,Moderate
2018,Punjab,Zaid,Watermelon,106.62,71.77,48.79,6.26,25.56,69.51,83.59,Clay,Rainfed,28.29,0.68,Moderate
2018,Punjab,Zaid,Watermelon,99.28,42.03,24.32,6.97,30.06,84.67,45.54,Clay,Irrigated,35.86,0.49,Poor
2018,Punjab,Zaid,Watermelon,97.74,30.51,42.33,6.42,27.9,76.41,94.92,Clay,Rainfed,12.18,0.48,Poor
2018,Punjab,Zaid,Cucumber,121.49,53.37,49.04,6.65,30.88,70.52,99.16,Clay,Rainfed,28.64,0.67,Moderate
2018,Punjab,Zaid,Cucumber,83.36,40.43,31.85,6.27,28.58,57.3,101.48,Loamy,Irrigated,28.13,0.58,Moderate
2018,Punjab,Zaid,Cucumber,74.13,39.56,30.82,7.42,33.76,57.77,92.85,Clay,Irrigated,17.36,0.47,Poor
2018,Punjab,Zaid,Cucumber,125.18,67.2,30.27,7.3,29.81,90.0,30.82,Clay,Rainfed,25.61,0.6,Moderate
2019,Punjab,Rabi,Wheat,78.47,38.56,50.36,6.5,14.94,68.93,98.81,Sandy,Rainfed,23.25,0.61,Moderate
2019,Punjab,Rabi,Wheat,115.09,52.99,44.73,6.48,13.79,76.81,3.85,Loamy,Rainfed,10.17,0.51,Moderate
2019,Punjab,Rabi,Wheat,103.84,79.23,50.25,6.47,10.0,66.83,87.65,Loamy,Irrigated,19.13,0.61,Moderate
2019,Punjab,Rabi,Wheat,59.28,50.71,37.51,5.96,10.25,60.6,27.57,Sandy,Rainfed,16.97,0.47,Poor
2019,Punjab,Rabi,Mustard,113.6,54.61,31.75,6.94,15.68,66.76,73.66,Sandy,Irrigated,23.54,0.52,Moderate
2019,Punjab,Rabi,Mustard,86.55,53.35,22.58,6.53,21.29,64.74,51.3,Loamy,Irrigated,12.03,0.4,Poor
2019,Punjab,Rabi,Mustard,140.84,54.43,32.24,6.88,17.98,76.46,0.0,Loamy,Rainfed,19.17,0.52,Moderate
2019,Punjab,Rabi,Mustard,86.27,28.51,41.46,7.09,15.59,63.93,33.83,Sandy,Rainfed,18.37,0.48,Poor
2019,Punjab,Rabi,Barley,72.85,36.49,30.36,7.34,15.97,64.67,83.59,Sandy,Rainfed,22.16,0.47,Poor
2019,Punjab,Rabi,Barley,97.5,62.7,38.85,6.61,18.22,61.21,63.94,Loamy,Rainfed,19.86,0.58,Moderate
2019,Punjab,Rabi,Barley,50.04,53.01,46.09,6.93,12.99,69.39,7.66,Loamy,Rainfed,10.0,0.38,Poor
2019,Punjab,Rabi,Barley,125.11,64.19,30.99,6.23,10.0,83.7,6.56,Sandy,Rainfed,20.69,0.52,Moderate
2019,Punjab,Kharif,Rice,55.39,53.4,34.38,6.52,30.31,65.17,108.75,Clay,Irrigated,24.78,0.55,Moderate
2019,Punjab,Kharif,Rice,72.86,53.35,45.52,7.14,29.18,66.59,200.01,Loamy,Irrigated,12.64,0.41,Poor
2019,Punjab,Kharif,Rice,129.93,42.58,35.02,7.37,27.37,71.0,199.23,Clay,Rainfed,26.66,0.64,Moderate
2019,Punjab,Kharif,Rice,68.97,59.93,51.89,7.72,30.87,58.43,126.67,Loamy,Irrigated,22.7,0.61,Moderate
2019,Punjab,Kharif,Bajra,108.35,51.61,43.87,6.96,28.26,58.44,214.0,Loamy,Irrigated,27.53,0.67,Moderate
2019,Punjab,Kharif,Bajra,90.78,61.35,26.06,7.33,31.63,78.46,200.56,Loamy,Rainfed,18.74,0.5,Poor
2019,Punjab,Kharif,Bajra,68.1,56.31,34.22,7.24,27.46,75.53,178.64,Loamy,Irrigated,23.47,0.52,Moderate
2019,Punjab,Kharif,Bajra,117.13,75.16,31.95,7.34,27.13,64.11,161.65,Sandy,Irrigated,10.0,0.43,Poor
2019,Punjab,Kharif,Cotton,108.26,46.79,43.79,7.15,27.12,56.47,116.66,Loamy,Irrigated,19.12,0.56,Moderate
2019,Punjab,Kharif,Cotton,88.22,35.97,38.22,6.34,29.79,58.13,222.31,Clay,Rainfed,21.21,0.49,Poor
2019,Punjab,Kharif,Cotton,121.49,57.45,60.75,7.39,31.05,61.02,160.49,Loamy,Rainfed,25.74,0.6,Moderate
2019,Punjab,Kharif,Cotton,103.36,64.18,45.01,6.36,32.29,69.47,157.96,Clay,Rainfed,27.34,0.6,Moderate
2019,Punjab,Kharif,Maize,115.32,34.4,59.45,5.89,30.65,66.97,171.25,Sandy,Irrigated,17.54,0.56,Moderate
2019,Punjab,Kharif,Maize,108.21,46.53,53.93,7.22,31.75,69.0,177.7,Clay,Irrigated,28.49,0.58,Moderate
2019,Punjab,Kharif,Maize,107.2,41.94,46.55,6.26,29.76,67.0,139.78,Sandy,Rainfed,28.19,0.55,Moderate
2019,Punjab,Kharif,Maize,117.05,31.56,54.52,6.81,30.66,77.92,157.17,Loamy,Irrigated,20.32,0.53,Moderate
2019,Punjab,Zaid,Moong,95.57,32.35,58.21,6.52,30.43,64.16,60.03,Sandy,Rainfed,20.79,0.54,Moderate
2019,Punjab,Zaid,Moong,96.23,67.9,50.22,7.26,25.05,69.94,121.36,Sandy,Rainfed,17.33,0.51,Moderate
2019,Punjab,Zaid,Moong,56.57,49.88,41.58,6.66,26.16,71.96,111.83,Loamy,Irrigated,27.2,0.54,Moderate
2019,Punjab,Zaid,Moong,132.7,69.68,29.08,6.67,31.93,67.84,127.5,Sandy,Irrigated,17.67,0.58,Moderate
2019,Punjab,Zaid,Watermelon,59.6,71.63,34.88,6.83,30.06,61.61,92.71,Clay,Irrigated,18.56,0.54,Moderate
2019,Punjab,Zaid,Watermelon,90.93,75.89,31.13,7.19,19.49,69.83,85.77,Sandy,Rainfed,20.32,0.6,Moderate
2019,Punjab,Zaid,Watermelon,108.51,26.83,34.61,6.99,26.0,62.67,133.84,Loamy,Rainfed,23.74,0.46,Poor
2019,Punjab,Zaid,Watermelon,59.65,20.0,48.14,6.86,19.26,75.23,41.19,Clay,Rainfed,20.15,0.49,Poor
2019,Punjab,Zaid,Cucumber,99.31,25.75,37.71,6.68,29.91,86.16,34.29,Clay,Rainfed,26.39,0.51,Moderate
2019,Punjab,Zaid,Cucumber,93.69,35.88,42.46,6.4,29.87,77.03,176.2,Clay,Rainfed,33.1,0.58,Moderate
2019,Punjab,Zaid,Cucumber,96.85,40.37,56.65,6.37,26.3,65.29,118.74,Clay,Rainfed,21.8,0.59,Moderate
2019,Punjab,Zaid,Cucumber,116.46,35.56,46.93,7.35,23.11,74.8,47.8,Loamy,Irrigated,23.7,0.57,Moderate
2020,Punjab,Rabi,Wheat,101.82,37.23,40.06,6.03,11.44,66.03,71.37,Loamy,Irrigated,24.1,0.52,Moderate
2020,Punjab,Rabi,Wheat,84.72,63.14,32.91,7.12,18.36,64.73,29.06,Loamy,Rainfed,14.91,0.37,Poor
2020,Punjab,Rabi,Wheat,76.19,63.89,39.09,6.71,13.29,58.21,51.36,Sandy,Irrigated,18.46,0.55,Moderate
2020,Punjab,Rabi,Wheat,86.28,40.74,41.07,6.63,14.94,62.29,0.0,Sandy,Irrigated,17.9,0.44,Poor
2020,Punjab,Rabi,Mustard,98.8,40.97,33.67,6.37,14.83,81.84,63.67,Loamy,Rainfed,18.57,0.51,Moderate
2020,Punjab,Rabi,Mustard,106.4,28.9,35.58,6.86,14.33,56.5,120.73,Loamy,Irrigated,26.45,0.46,Poor
2020,Punjab,Rabi,Mustard,94.45,34.46,37.97,6.78,17.93,83.99,24.85,Loamy,Irrigated,23.84,0.56,Moderate
2020,Punjab,Rabi,Mustard,105.87,53.74,36.73,6.86,12.76,50.33,49.15,Sandy,Rainfed,21.12,0.55,Moderate
2020,Punjab,Rabi,Barley,132.73,47.25,39.8,6.56,13.88,65.0,43.21,Clay,Rainfed,24.79,0.69,Moderate
2020,Punjab,Rabi,Barley,52.31,61.18,41.34,7.01,16.35,70.83,51.47,Clay,Irrigated,17.15,0.44,Poor
2020,Punjab,Rabi,Barley,141.65,56.46,27.24,6.74,13.77,80.22,34.85,Sandy,Rainfed,15.83,0.41,Poor
2020,Punjab,Rabi,Barley,103.31,29.27,35.16,7.22,19.8,77.03,71.33,Sandy,Irrigated,14.29,0.29,Poor
2020,Punjab,Kharif,Rice,114.57,59.56,42.59,7.4,29.32,68.58,185.42,Clay,Irrigated,16.68,0.57,Moderate
2020,Punjab,Kharif,Rice,85.08,40.08,47.53,6.49,31.88,57.6,119.89,Clay,Irrigated,15.84,0.43,Poor
2020,Punjab,Kharif,Rice,97.8,69.38,32.51,7.46,33.36,70.13,172.83,Sandy,Rainfed,22.26,0.55,Moderate
2020,Punjab,Kharif,Rice,75.35,64.29,56.89,7.63,37.5,59.44,165.85,Clay,Irrigated,27.98,0.62,Moderate
2020,Punjab,Kharif,Bajra,109.38,42.62,53.28,6.31,28.9,53.29,261.43,Loamy,Irrigated,23.53,0.57,Moderate
2020,Punjab,Kharif,Bajra,101.51,65.73,39.71,7.19,31.92,69.36,121.96,Sandy,Irrigated,14.3,0.51,Moderate
2020,Punjab,Kharif,Bajra,113.8,66.32,46.92,6.94,28.13,77.47,181.26,Clay,Rainfed,20.94,0.6,Moderate
2020,Punjab,Kharif,Bajra,80.4,20.64,33.32,6.9,28.4,66.56,165.02,Sandy,Rainfed,13.52,0.36,Poor
2020,Punjab,Kharif,Cotton,107.82,67.51,32.76,6.48,35.7,80.23,245.74,Sandy,Rainfed,11.72,0.54,Moderate
2020,Punjab,Kharif,Cotton,84.92,55.74,51.25,5.93,34.62,64.47,169.84,Clay,Rainfed,25.04,0.57,Moderate
2020,Punjab,Kharif,Cotton,97.93,46.79,49.7,7.01,30.34,74.59,172.47,Sandy,Rainfed,23.2,0.5,Poor
2020,Punjab,Kharif,Cotton,113.19,76.5,50.39,6.85,28.86,78.99,181.51,Sandy,Irrigated,20.69,0.5,Moderate
2020,Punjab,Kharif,Maize,96.92,45.19,22.21,6.33,29.49,66.74,195.61,Clay,Irrigated,26.6,0.59,Moderate
2020,Punjab,Kharif,Maize,83.78,55.5,32.6,7.23,29.71,73.28,218.1,Loamy,Irrigated,24.96,0.54,Moderate
2020,Punjab,Kharif,Maize,79.84,44.9,42.32,7.19,27.65,77.07,263.39,Sandy,Irrigated,22.52,0.37,Poor
2020,Punjab,Kharif,Maize,87.85,73.52,54.48,7.27,34.08,77.61,110.28,Clay,Rainfed,22.95,0.62,Moderate
2020,Punjab,Zaid,Moong,83.88,65.15,39.56,7.49,27.61,81.28,54.97,Clay,Rainfed,19.55,0.52,Moderate
2020,Punjab,Zaid,Moong,90.25,28.46,46.94,7.16,25.23,70.07,30.86,Loamy,Rainfed,10.0,0.46,Poor
2020,Punjab,Zaid,Moong,150.0,30.22,40.2,6.89,35.49,70.46,64.36,Loamy,Rainfed,25.75,0.61,Moderate
2020,Punjab,Zaid,Moong,79.86,50.72,34.36,6.05,26.5,60.49,76.33,Sandy,Rainfed,22.66,0.47,Poor
2020,Punjab,Zaid,Watermelon,65.07,54.97,29.53,7.66,24.2,68.32,92.73,Sandy,Irrigated,21.07,0.44,Poor
2020,Punjab,Zaid,Watermelon,99.49,46.74,40.58,6.5,25.76,68.95,114.51,Loamy,Rainfed,18.51,0.4,Poor
2020,Punjab,Zaid,Watermelon,137.97,51.31,29.64,7.23,30.92,72.99,59.06,Loamy,Irrigated,21.36,0.57,Moderate
2020,Punjab,Zaid,Watermelon,111.12,21.43,35.66,7.66,26.72,74.5,79.53,Loamy,Irrigated,16.45,0.4,Poor
2020,Punjab,Zaid,Cucumber,95.39,52.04,39.47,6.73,26.66,57.85,1.67,Sandy,Irrigated,13.84,0.52,Moderate
2020,Punjab,Zaid,Cucumber,111.59,71.18,33.72,6.85,27.43,64.26,78.75,Sandy,Irrigated,18.91,0.5,Moderate
2020,Punjab,Zaid,Cucumber,107.33,44.24,42.02,6.79,28.06,55.34,19.24,Sandy,Irrigated,10.0,0.44,Poor
2020,Punjab,Zaid,Cucumber,96.08,34.37,45.7,6.63,24.3,83.91,35.76,Loamy,Irrigated,18.26,0.52,Moderate
2021,Punjab,Rabi,Wheat,93.35,60.55,64.98,6.69,17.08,49.72,14.56,Sandy,Irrigated,10.0,0.54,Moderate
2021,Punjab,Rabi,Wheat,119.16,59.95,29.74,6.99,18.96,71.08,13.73,Loamy,Rainfed,22.61,0.62,Moderate
2021,Punjab,Rabi,Wheat,75.8,56.58,26.3,7.33,14.8,66.42,99.09,Loamy,Irrigated,17.97,0.51,Moderate
2021,Punjab,Rabi,Wheat,131.02,63.23,32.38,6.65,16.47,57.77,106.99,Loamy,Irrigated,18.49,0.52,Moderate
2021,Punjab,Rabi,Mustard,106.79,44.78,39.25,6.62,20.08,71.44,0.0,Sandy,Rainfed,20.32,0.57,Moderate
2021,Punjab,Rabi,Mustard,100.39,37.96,45.79,7.03,15.85,66.61,48.35,Clay,Irrigated,27.47,0.63,Moderate
2021,Punjab,Rabi,Mustard,113.92,42.25,29.77,6.94,12.94,78.2,11.96,Loamy,Rainfed,10.0,0.32,Poor
2021,Punjab,Rabi,Mustard,68.41,37.73,43.91,7.09,14.47,70.82,35.23,Loamy,Irrigated,18.14,0.5,Moderate
2021,Punjab,Rabi,Barley,71.94,48.38,51.12,7.14,16.19,62.53,38.78,Clay,Irrigated,25.68,0.54,Moderate
2021,Punjab,Rabi,Barley,99.56,60.61,54.75,6.7,19.04,68.07,108.86,Clay,Irrigated,22.97,0.67,Moderate
2021,Punjab,Rabi,Barley,90.6,52.38,51.56,6.5,14.6,56.79,135.72,Clay,Rainfed,15.39,0.52,Moderate
2021,Punjab,Rabi,Barley,94.6,26.85,55.94,6.85,10.0,67.12,59.8,Loamy,Irrigated,25.37,0.54,Moderate
2021,Punjab,Kharif,Rice,76.44,72.05,33.78,5.88,27.36,72.69,171.37,Sandy,Rainfed,28.32,0.56,Moderate
2021,Punjab,Kharif,Rice,74.21,50.88,49.13,7.01,28.18,52.35,249.64,Clay,Rainfed,22.66,0.45,Poor
2021,Punjab,Kharif,Rice,104.07,60.23,49.63,6.19,27.57,71.88,148.51,Clay,Rainfed,34.81,0.73,Moderate
2021,Punjab,Kharif,Rice,71.23,46.62,20.0,6.9,29.99,80.9,274.62,Clay,Rainfed,31.24,0.5,Moderate
2021,Punjab,Kharif,Bajra,129.11,41.13,44.4,6.02,28.04,49.5,194.94,Clay,Irrigated,23.04,0.56,Moderate
2021,Punjab,Kharif,Bajra,107.65,30.32,36.03,6.78,27.71,62.4,164.26,Sandy,Rainfed,13.91,0.51,Moderate
2021,Punjab,Kharif,Bajra,135.97,58.29,30.63,7.35,27.44,63.31,140.87,Clay,Rainfed,22.89,0.59,Moderate
2021,Punjab,Kharif,Bajra,89.1,77.25,27.31,7.57,28.97,62.51,193.51,Clay,Irrigated,22.75,0.57,Moderate
2021,Punjab,Kharif,Cotton,50.0,39.2,30.76,6.17,32.5,63.7,214.57,Loamy,Irrigated,21.1,0.43,Poor
2021,Punjab,Kharif,Cotton,107.38,51.86,49.36,7.19,32.11,72.41,153.37,Loamy,Rainfed,22.24,0.53,Moderate
2021,Punjab,Kharif,Cotton,105.36,60.73,39.49,6.81,28.04,64.5,167.39,Clay,Irrigated,23.64,0.55,Moderate
2021,Punjab,Kharif,Cotton,109.46,39.46,37.62,7.03,27.22,52.45,152.19,Clay,Rainfed,22.66,0.47,Poor
2021,Punjab,Kharif,Maize,83.52,67.87,38.53,5.69,32.99,81.27,134.81,Clay,Rainfed,18.3,0.51,Moderate
2021,Punjab,Kharif,Maize,129.25,45.64,50.73,7.51,26.51,65.87,181.3,Clay,Irrigated,30.78,0.68,Moderate
2021,Punjab,Kharif,Maize,98.38,76.17,48.6,7.08,24.11,74.61,221.94,Loamy,Irrigated,30.01,0.7,Moderate
2021,Punjab,Kharif,Maize,83.85,46.65,29.55,7.69,22.52,65.01,227.89,Clay,Rainfed,33.25,0.52,Moderate
2021,Punjab,Zaid,Moong,110.19,62.18,43.32,8.0,28.44,63.2,114.6,Clay,Irrigated,15.94,0.45,Poor
2021,Punjab,Zaid,Moong,79.97,36.17,30.45,7.06,26.82,54.32,30.3,Sandy,Rainfed,11.24,0.35,Poor
2021,Punjab,Zaid,Moong,107.32,20.88,20.0,6.97,30.68,62.34,79.42,Loamy,Rainfed,20.31,0.51,Moderate
2021,Punjab,Zaid,Moong,105.94,75.01,20.0,7.01,28.47,78.2,82.18,Sandy,Irrigated,30.78,0.63,Moderate
2021,Punjab,Zaid,Watermelon,100.67,20.0,28.32,6.25,32.95,63.71,88.72,Clay,Rainfed,24.51,0.5,Poor
2021,Punjab,Zaid,Watermelon,124.04,50.13,40.58,6.67,28.97,78.24,83.43,Sandy,Irrigated,23.57,0.56,Moderate
2021,Punjab,Zaid,Watermelon,113.75,48.67,35.46,7.25,30.93,58.68,46.04,Loamy,Irrigated,13.08,0.46,Poor
2021,Punjab,Zaid,Watermelon,94.36,68.46,30.51,6.35,32.2,85.39,152.9,Loamy,Rainfed,12.91,0.55,Moderate
2021,Punjab,Zaid,Cucumber,113.9,44.37,26.95,7.02,25.41,68.73,53.59,Clay,Irrigated,13.19,0.39,Poor
2021,Punjab,Zaid,Cucumber,60.71,27.78,39.98,6.53,21.68,55.76,97.14,Loamy,Rainfed,27.03,0.56,Moderate
2021,Punjab,Zaid,Cucumber,88.05,27.57,39.88,6.71,25.4,75.57,119.97,Clay,Rainfed,21.53,0.49,Poor
2021,Punjab,Zaid,Cucumber,107.72,32.35,49.28,5.91,25.75,58.48,94.36,Sandy,Rainfed,13.64,0.45,Poor
2022,Punjab,Rabi,Wheat,117.46,55.45,22.79,6.62,10.4,58.71,88.9,Loamy,Rainfed,11.28,0.49,Poor
2022,Punjab,Rabi,Wheat,87.2,72.26,32.65,6.1,13.25,59.14,51.19,Sandy,Irrigated,10.0,0.45,Poor
2022,Punjab,Rabi,Wheat,113.34,49.58,53.64,7.13,13.31,55.71,97.57,Sandy,Irrigated,11.95,0.46,Poor
2022,Punjab,Rabi,Wheat,83.07,59.12,32.45,6.75,17.45,73.96,56.79,Sandy,Irrigated,25.73,0.51,Moderate
2022,Punjab,Rabi,Mustard,105.09,48.07,34.91,7.04,10.28,59.47,89.77,Sandy,Rainfed,12.34,0.46,Poor
2022,Punjab,Rabi,Mustard,92.49,49.27,42.35,5.5,12.81,61.02,24.5,Clay,Irrigated,13.9,0.45,Poor
2022,Punjab,Rabi,Mustard,129.9,30.31,43.94,6.4,19.52,59.2,56.51,Loamy,Rainfed,14.01,0.44,Poor
2022,Punjab,Rabi,Mustard,122.03,57.38,23.94,7.0,12.8,90.0,83.78,Clay,Rainfed,30.88,0.56,Moderate
2022,Punjab,Rabi,Barley,91.64,33.54,36.38,7.52,17.9,77.04,124.08,Sandy,Irrigated,11.99,0.29,Poor
2022,Punjab,Rabi,Barley,118.91,41.71,21.27,7.82,15.27,65.57,50.31,Sandy,Rainfed,11.64,0.35,Poor
2022,Punjab,Rabi,Barley,109.66,66.25,36.67,7.56,18.31,66.16,47.46,Sandy,Irrigated,10.0,0.52,Moderate
2022,Punjab,Rabi,Barley,86.54,59.94,48.93,7.12,12.48,83.72,55.68,Loamy,Irrigated,16.27,0.49,Poor
2022,Punjab,Kharif,Rice,59.7,55.01,37.1,6.38,29.99,69.59,209.99,Sandy,Rainfed,18.5,0.45,Poor
2022,Punjab,Kharif,Rice,110.66,37.92,37.85,7.57,19.2,62.99,144.97,Clay,Rainfed,26.92,0.6,Moderate
2022,Punjab,Kharif,Rice,96.08,56.15,34.03,7.55,28.5,75.43,170.64,Clay,Rainfed,24.4,0.58,Moderate
2022,Punjab,Kharif,Rice,108.9,62.76,48.92,6.24,34.37,80.32,123.64,Loamy,Irrigated,19.49,0.63,Moderate
2022,Punjab,Kharif,Bajra,99.04,39.1,31.22,6.97,27.71,67.0,243.04,Clay,Rainfed,19.03,0.45,Poor
2022,Punjab,Kharif,Bajra,85.72,67.68,37.0,6.18,31.0,82.99,206.7,Clay,Irrigated,26.94,0.66,Moderate
2022,Punjab,Kharif,Bajra,71.37,30.72,23.84,6.99,30.5,70.13,245.49,Loamy,Irrigated,25.22,0.51,Moderate
2022,Punjab,Kharif,Bajra,102.35,24.92,67.1,7.06,30.73,65.96,180.07,Loamy,Rainfed,22.64,0.6,Moderate
2022,Punjab,Kharif,Cotton,111.99,55.79,31.9,7.51,32.13,68.59,154.75,Sandy,Rainfed,21.83,0.58,Moderate
2022,Punjab,Kharif,Cotton,116.2,39.13,40.54,6.86,34.18,70.22,192.68,Loamy,Irrigated,18.04,0.62,Moderate
2022,Punjab,Kharif,Cotton,114.27,34.61,46.07,7.53,25.78,57.02,232.57,Sandy,Rainfed,20.23,0.65,Moderate
2022,Punjab,Kharif,Cotton,117.83,46.93,37.1,7.02,24.83,76.94,226.66,Loamy,Irrigated,29.27,0.63,Moderate
2022,Punjab,Kharif,Maize,81.2,44.21,50.15,6.85,33.12,59.81,170.89,Sandy,Irrigated,32.12,0.62,Moderate
2022,Punjab,Kharif,Maize,98.84,66.92,41.14,6.4,30.18,71.06,154.49,Loamy,Rainfed,17.22,0.51,Moderate
2022,Punjab,Kharif,Maize,93.6,52.16,21.66,6.38,30.22,81.94,126.38,Loamy,Rainfed,19.78,0.42,Poor
2022,Punjab,Kharif,Maize,108.56,75.85,56.39,5.84,30.58,68.39,157.79,Sandy,Irrigated,23.3,0.65,Moderate
2022,Punjab,Zaid,Moong,103.03,41.32,31.04,6.58,28.47,66.02,94.7,Clay,Irrigated,22.22,0.53,Moderate
2022,Punjab,Zaid,Moong,119.25,67.48,39.41,6.69,30.56,65.06,101.35,Sandy,Rainfed,19.01,0.52,Moderate
2022,Punjab,Zaid,Moong,94.59,53.27,31.75,7.15,27.42,77.45,115.68,Clay,Irrigated,23.57,0.51,Moderate
2022,Punjab,Zaid,Moong,113.16,44.07,55.93,7.53,26.91,69.37,72.08,Loamy,Rainfed,14.58,0.53,Moderate
2022,Punjab,Zaid,Watermelon,93.85,55.4,45.41,6.3,26.05,66.73,170.1,Clay,Irrigated,19.17,0.47,Poor
2022,Punjab,Zaid,Watermelon,141.08,52.22,25.84,6.48,25.34,41.5,111.78,Loamy,Rainfed,12.36,0.43,Poor
2022,Punjab,Zaid,Watermelon,114.5,72.9,59.03,8.0,30.58,78.1,43.78,Sandy,Irrigated,14.42,0.74,Moderate
2022,Punjab,Zaid,Watermelon,88.36,55.99,26.8,6.68,26.94,64.08,103.08,Loamy,Irrigated,25.34,0.52,Moderate
2022,Punjab,Zaid,Cucumber,66.9,58.77,37.32,6.88,28.42,74.75,136.83,Clay,Irrigated,29.36,0.5,Moderate
2022,Punjab,Zaid,Cucumber,126.61,48.19,26.6,6.56,24.96,50.65,68.03,Clay,Rainfed,10.0,0.38,Poor
2022,Punjab,Zaid,Cucumber,98.58,51.28,37.22,7.19,29.17,58.26,134.51,Clay,Rainfed,24.6,0.57,Moderate
2022,Punjab,Zaid,Cucumber,93.24,50.03,37.25,6.57,29.69,67.88,111.69,Clay,Rainfed,18.48,0.51,Moderate
2023,Punjab,Rabi,Wheat,103.7,53.78,20.3,5.7,19.85,62.3,95.73,Clay,Rainfed,19.23,0.48,Poor
2023,Punjab,Rabi,Wheat,111.26,47.93,47.8,6.21,11.62,59.11,72.46,Loamy,Rainfed,15.22,0.6,Moderate
2023,Punjab,Rabi,Wheat,72.01,61.95,56.64,6.64,15.2,71.26,142.24,Sandy,Rainfed,24.82,0.54,Moderate
2023,Punjab,Rabi,Wheat,122.42,73.54,39.33,7.4,12.94,73.85,81.94,Loamy,Rainfed,18.52,0.63,Moderate
2023,Punjab,Rabi,Mustard,67.91,33.14,41.03,5.96,15.62,74.46,66.94,Sandy,Rainfed,23.06,0.51,Moderate
2023,Punjab,Rabi,Mustard,140.74,52.21,45.11,6.9,15.98,58.79,105.21,Clay,Irrigated,22.57,0.61,Moderate
2023,Punjab,Rabi,Mustard,72.0,48.44,28.2,7.6,14.9,79.06,143.82,Sandy,Irrigated,19.19,0.37,Poor
2023,Punjab,Rabi,Mustard,104.1,56.14,54.15,6.36,16.91,87.44,76.54,Sandy,Rainfed,21.23,0.57,Moderate
2023,Punjab,Rabi,Barley,111.33,59.66,41.46,7.06,11.5,66.72,94.31,Sandy,Rainfed,14.17,0.5,Poor
2023,Punjab,Rabi,Barley,97.23,44.34,70.0,7.25,15.58,72.78,62.81,Loamy,Irrigated,21.5,0.59,Moderate
2023,Punjab,Rabi,Barley,62.39,26.46,33.63,6.9,13.65,68.69,61.71,Clay,Irrigated,19.39,0.47,Poor
2023,Punjab,Rabi,Barley,102.62,63.27,60.51,6.45,10.55,62.49,110.8,Clay,Irrigated,20.32,0.6,Moderate
2023,Punjab,Kharif,Rice,110.81,59.29,36.24,6.47,24.14,66.9,215.24,Sandy,Rainfed,28.18,0.58,Moderate
2023,Punjab,Kharif,Rice,119.43,30.57,28.12,7.09,30.88,71.63,238.47,Loamy,Irrigated,24.16,0.48,Poor
2023,Punjab,Kharif,Rice,115.6,44.37,55.69,6.41,33.05,71.87,182.1,Loamy,Irrigated,26.12,0.69,Moderate
2023,Punjab,Kharif,Rice,123.14,47.43,32.65,7.28,25.87,66.57,225.69,Sandy,Rainfed,28.0,0.53,Moderate
2023,Punjab,Kharif,Bajra,94.02,60.19,32.9,5.74,26.39,72.25,205.17,Clay,Rainfed,23.49,0.54,Moderate
2023,Punjab,Kharif,Bajra,89.72,63.46,52.56,7.39,29.17,58.41,107.37,Loamy,Rainfed,13.82,0.46,Poor
2023,Punjab,Kharif,Bajra,59.72,37.0,39.7,7.04,31.49,76.35,196.01,Loamy,Rainfed,27.99,0.51,Moderate
2023,Punjab,Kharif,Bajra,106.26,50.99,37.32,6.84,30.99,70.85,207.42,Sandy,Irrigated,24.82,0.57,Moderate
2023,Punjab,Kharif,Cotton,87.02,63.25,26.34,6.26,31.14,83.43,190.61,Loamy,Irrigated,27.08,0.57,Moderate
2023,Punjab,Kharif,Cotton,90.27,64.15,47.07,6.79,26.26,66.17,155.76,Clay,Irrigated,20.18,0.49,Poor
2023,Punjab,Kharif,Cotton,114.39,48.95,37.13,7.02,34.26,75.92,151.73,Sandy,Irrigated,18.03,0.49,Poor
2023,Punjab,Kharif,Cotton,137.38,38.69,23.35,5.8,30.36,65.01,206.76,Loamy,Rainfed,21.45,0.47,Poor
2023,Punjab,Kharif,Maize,63.7,54.44,41.35,6.59,30.62,71.33,115.87,Sandy,Irrigated,11.46,0.44,Poor
2023,Punjab,Kharif,Maize,100.89,29.51,50.58,6.84,33.82,72.78,146.1,Loamy,Rainfed,13.1,0.43,Poor
2023,Punjab,Kharif,Maize,75.51,58.5,33.52,5.72,31.39,66.67,168.96,Clay,Rainfed,21.55,0.55,Moderate
2023,Punjab,Kharif,Maize,106.78,48.07,39.32,6.67,28.84,87.38,197.16,Loamy,Rainfed,24.88,0.59,Moderate
2023,Punjab,Zaid,Moong,140.91,57.96,43.04,6.27,25.19,59.24,45.07,Clay,Irrigated,21.32,0.6,Moderate
2023,Punjab,Zaid,Moong,91.52,38.52,47.34,6.03,28.64,60.23,96.41,Sandy,Irrigated,19.76,0.54,Moderate
2023,Punjab,Zaid,Moong,105.64,47.71,44.34,7.68,25.36,61.8,81.08,Sandy,Rainfed,14.25,0.4,Poor
2023,Punjab,Zaid,Moong,78.25,48.14,28.81,7.12,30.48,86.83,105.71,Clay,Irrigated,18.78,0.43,Poor
2023,Punjab,Zaid,Watermelon,103.54,50.34,30.13,7.11,24.99,71.27,75.35,Clay,Rainfed,21.27,0.46,Poor
2023,Punjab,Zaid,Watermelon,128.3,77.63,38.55,6.97,34.72,74.76,83.87,Sandy,Rainfed,14.53,0.56,Moderate
2023,Punjab,Zaid,Watermelon,111.2,53.56,27.89,6.33,27.4,71.85,103.31,Clay,Rainfed,19.74,0.49,Poor
2023,Punjab,Zaid,Watermelon,119.06,45.5,44.6,6.73,31.15,58.37,75.7,Sandy,Irrigated,17.23,0.51,Moderate
2023,Punjab,Zaid,Cucumber,105.93,58.01,54.93,6.6,30.0,54.55,75.47,Clay,Irrigated,25.57,0.6,Moderate
2023,Punjab,Zaid,Cucumber,106.14,49.23,46.26,6.69,31.99,78.17,53.46,Loamy,Rainfed,18.7,0.6,Moderate
2023,Punjab,Zaid,Cucumber,133.33,39.82,33.86,7.56,27.7,78.26,80.99,Loamy,Rainfed,18.86,0.59,Moderate
2023,Punjab,Zaid,Cucumber,99.61,51.52,51.67,7.59,30.68,68.45,17.47,Sandy,Irrigated,12.79,0.54,Moderate
2024,Punjab,Rabi,Wheat,100.48,38.74,37.0,6.8,14.03,72.38,54.12,Sandy,Rainfed,11.22,0.39,Poor
2024,Punjab,Rabi,Wheat,125.39,31.32,53.58,6.73,16.16,57.23,96.26,Clay,Rainfed,21.43,0.54,Moderate
2024,Punjab,Rabi,Wheat,76.7,28.1,41.88,7.09,17.77,74.06,17.43,Clay,Irrigated,23.59,0.47,Poor
2024,Punjab,Rabi,Wheat,90.31,52.15,29.24,6.97,11.53,63.18,96.09,Loamy,Irrigated,16.23,0.5,Moderate
2024,Punjab,Rabi,Mustard,88.98,28.71,31.43,6.9,17.32,65.04,44.93,Sandy,Irrigated,17.98,0.42,Poor
2024,Punjab,Rabi,Mustard,114.07,23.39,20.0,6.94,14.09,79.33,52.54,Clay,Irrigated,15.32,0.37,Poor
2024,Punjab,Rabi,Mustard,103.32,62.55,43.68,6.57,14.09,85.87,66.0,Sandy,Irrigated,26.51,0.56,Moderate
2024,Punjab,Rabi,Mustard,103.86,75.15,24.35,6.5,15.97,54.52,58.16,Loamy,Irrigated,19.76,0.55,Moderate
2024,Punjab,Rabi,Barley,124.9,49.23,43.75,6.74,15.54,60.44,26.37,Clay,Rainfed,11.96,0.54,Moderate
2024,Punjab,Rabi,Barley,116.45,30.33,41.57,7.29,16.51,90.0,9.38,Clay,Rainfed,12.92,0.43,Poor
2024,Punjab,Rabi,Barley,122.41,48.0,42.05,6.86,13.31,62.98,65.41,Loamy,Irrigated,17.57,0.48,Poor
2024,Punjab,Rabi,Barley,83.87,43.11,38.24,6.03,18.33,72.95,65.8,Loamy,Rainfed,11.12,0.38,Poor
2024,Punjab,Kharif,Rice,83.71,43.17,36.46,7.88,31.57,63.47,139.25,Sandy,Irrigated,24.14,0.56,Moderate
2024,Punjab,Kharif,Rice,77.86,70.02,34.53,6.17,33.51,60.01,131.11,Clay,Irrigated,18.78,0.5,Poor
2024,Punjab,Kharif,Rice,113.71,40.41,38.44,7.14,30.81,72.51,146.87,Loamy,Rainfed,18.7,0.47,Poor
2024,Punjab,Kharif,Rice,111.11,80.81,46.05,7.04,31.78,61.42,164.61,Sandy,Rainfed,21.88,0.58,Moderate
2024,Punjab,Kharif,Bajra,102.33,55.7,36.89,6.83,30.35,69.7,192.86,Loamy,Irrigated,16.59,0.48,Poor
2024,Punjab,Kharif,Bajra,137.92,29.59,28.91,7.66,34.17,73.19,179.16,Loamy,Irrigated,23.24,0.51,Moderate
2024,Punjab,Kharif,Bajra,78.11,47.9,36.64,6.93,26.4,74.48,201.78,Clay,Irrigated,20.35,0.54,Moderate
2024,Punjab,Kharif,Bajra,97.27,38.33,35.57,6.66,32.75,66.37,171.34,Clay,Irrigated,31.48,0.62,Moderate
2024,Punjab,Kharif,Cotton,99.17,64.56,27.42,7.12,32.8,73.7,135.31,Sandy,Rainfed,32.41,0.67,Moderate
2024,Punjab,Kharif,Cotton,85.64,61.94,46.54,6.94,34.24,72.18,218.72,Sandy,Rainfed,29.58,0.59,Moderate
2024,Punjab,Kharif,Cotton,104.54,24.22,50.47,6.82,29.44,70.95,138.82,Loamy,Rainfed,18.75,0.45,Poor
2024,Punjab,Kharif,Cotton,85.89,37.31,46.57,6.44,29.3,76.88,201.91,Loamy,Irrigated,24.73,0.53,Moderate
2024,Punjab,Kharif,Maize,61.78,41.49,58.02,7.81,30.94,78.58,129.48,Sandy,Rainfed,30.76,0.58,Moderate
2024,Punjab,Kharif,Maize,96.04,69.51,48.68,6.91,24.65,46.57,155.44,Sandy,Rainfed,11.53,0.47,Poor
2024,Punjab,Kharif,Maize,79.31,59.76,44.26,6.26,30.76,76.97,195.68,Sandy,Rainfed,19.34,0.55,Moderate
2024,Punjab,Kharif,Maize,90.27,49.85,40.63,6.44,29.3,85.89,200.05,Clay,Rainfed,23.62,0.57,Moderate
2024,Punjab,Zaid,Moong,89.16,75.11,30.99,6.29,30.54,76.04,150.61,Clay,Irrigated,15.93,0.48,Poor
2024,Punjab,Zaid,Moong,76.14,44.11,36.29,5.91,26.49,75.26,99.76,Sandy,Rainfed,15.14,0.39,Poor
2024,Punjab,Zaid,Moong,70.03,67.91,53.01,5.8,32.3,71.91,116.49,Loamy,Irrigated,17.35,0.56,Moderate
2024,Punjab,Zaid,Moong,88.05,51.66,51.97,6.41,29.93,63.22,77.78,Clay,Rainfed,24.98,0.54,Moderate
2024,Punjab,Zaid,Watermelon,117.03,30.26,35.34,7.21,25.46,78.19,126.88,Sandy,Rainfed,21.65,0.44,Poor
2024,Punjab,Zaid,Watermelon,130.9,59.06,53.61,6.83,29.37,62.85,161.78,Loamy,Rainfed,24.25,0.73,Moderate
2024,Punjab,Zaid,Watermelon,98.34,62.35,49.46,7.05,28.74,67.45,21.82,Sandy,Rainfed,13.44,0.42,Poor
2024,Punjab,Zaid,Watermelon,112.37,79.79,41.24,6.69,26.51,66.96,77.48,Loamy,Irrigated,17.42,0.59,Moderate
2024,Punjab,Zaid,Cucumber,104.19,56.86,44.34,5.91,25.52,71.2,108.03,Clay,Rainfed,25.67,0.56,Moderate
2024,Punjab,Zaid,Cucumber,95.55,24.77,44.78,6.08,24.71,58.96,107.34,Clay,Irrigated,20.71,0.49,Poor
2024,Punjab,Zaid,Cucumber,98.95,45.85,44.34,6.91,30.66,87.82,35.41,Clay,Irrigated,21.86,0.51,Moderate
2024,Punjab,Zaid,Cucumber,118.36,45.34,33.43,6.26,24.65,79.88,108.37,Sandy,Irrigated,23.02,0.49,Poor
2025,Punjab,Rabi,Wheat,100.88,63.96,33.39,6.51,13.3,75.13,61.6,Sandy,Irrigated,18.81,0.49,Poor
2025,Punjab,Rabi,Wheat,98.0,53.22,35.4,6.63,16.52,62.87,59.05,Clay,Rainfed,19.83,0.52,Moderate
2025,Punjab,Rabi,Wheat,98.72,26.4,43.72,6.24,14.99,87.05,10.37,Loamy,Rainfed,19.33,0.45,Poor
2025,Punjab,Rabi,Wheat,128.72,54.27,34.39,6.67,15.84,64.47,26.19,Sandy,Irrigated,23.91,0.57,Moderate
2025,Punjab,Rabi,Mustard,88.11,30.81,28.76,6.39,12.93,63.15,28.03,Sandy,Rainfed,18.43,0.4,Poor
2025,Punjab,Rabi,Mustard,94.36,40.54,31.36,7.15,14.38,82.7,101.8,Loamy,Irrigated,21.57,0.46,Poor
2025,Punjab,Rabi,Mustard,73.69,64.92,34.66,6.73,12.56,62.3,62.8,Loamy,Rainfed,10.66,0.43,Poor
2025,Punjab,Rabi,Mustard,103.55,38.08,32.89,7.1,14.02,69.5,108.87,Sandy,Rainfed,25.66,0.54,Moderate
2025,Punjab,Rabi,Barley,61.01,60.01,49.84,6.13,17.07,76.1,106.76,Clay,Irrigated,18.99,0.47,Poor
2025,Punjab,Rabi,Barley,117.31,66.22,31.62,6.38,12.81,65.18,59.7,Sandy,Irrigated,23.41,0.61,Moderate
2025,Punjab,Rabi,Barley,110.49,44.96,42.69,6.04,15.25,74.73,48.81,Loamy,Irrigated,15.97,0.46,Poor
2025,Punjab,Rabi,Barley,69.71,58.23,39.17,5.95,13.88,60.73,28.66,Loamy,Irrigated,11.83,0.45,Poor
2025,Punjab,Kharif,Rice,106.87,28.45,45.5,6.4,28.37,63.03,177.02,Clay,Rainfed,22.83,0.52,Moderate
2025,Punjab,Kharif,Rice,132.51,29.57,56.92,6.67,28.42,59.76,168.57,Sandy,Rainfed,19.19,0.5,Moderate
2025,Punjab,Kharif,Rice,95.82,43.89,58.51,6.22,27.69,64.97,138.17,Loamy,Irrigated,20.65,0.57,Moderate
2025,Punjab,Kharif,Rice,50.15,59.9,28.83,6.28,26.79,76.87,164.07,Clay,Rainfed,28.74,0.49,Poor
2025,Punjab,Kharif,Bajra,115.87,38.67,62.33,6.45,32.75,82.1,154.2,Sandy,Rainfed,28.18,0.69,Moderate
2025,Punjab,Kharif,Bajra,56.93,53.37,43.5,6.87,30.95,63.29,173.94,Clay,Irrigated,10.0,0.34,Poor
2025,Punjab,Kharif,Bajra,96.6,59.53,29.74,7.11,27.76,72.92,191.57,Clay,Rainfed,27.7,0.59,Moderate
2025,Punjab,Kharif,Bajra,80.63,53.72,47.52,6.51,29.45,88.31,199.73,Sandy,Irrigated,31.1,0.63,Moderate
2025,Punjab,Kharif,Cotton,110.74,64.16,41.95,7.63,22.97,73.0,163.76,Clay,Irrigated,23.62,0.63,Moderate
2025,Punjab,Kharif,Cotton,88.11,43.66,26.88,6.92,32.41,69.03,211.15,Loamy,Rainfed,24.77,0.55,Moderate
2025,Punjab,Kharif,Cotton,108.66,66.66,47.55,7.34,32.37,67.15,132.87,Loamy,Rainfed,19.36,0.56,Moderate
2025,Punjab,Kharif,Cotton,104.13,48.06,38.66,6.41,27.79,69.44,176.86,Loamy,Rainfed,26.9,0.58,Moderate
2025,Punjab,Kharif,Maize,126.16,58.32,23.76,7.18,29.48,62.53,126.72,Sandy,Irrigated,22.92,0.56,Moderate
2025,Punjab,Kharif,Maize,107.3,53.67,33.97,7.09,34.79,72.17,123.33,Clay,Irrigated,14.79,0.53,Moderate
2025,Punjab,Kharif,Maize,108.66,52.46,32.57,6.55,27.37,60.15,175.45,Clay,Irrigated,16.63,0.48,Poor
2025,Punjab,Kharif,Maize,129.11,41.18,38.13,7.89,33.23,69.96,214.38,Clay,Irrigated,32.64,0.55,Moderate
2025,Punjab,Zaid,Moong,85.1,37.41,33.24,6.51,29.16,70.01,123.06,Loamy,Rainfed,24.77,0.43,Poor
2025,Punjab,Zaid,Moong,125.42,45.09,37.02,7.03,26.13,52.11,130.28,Sandy,Rainfed,23.7,0.58,Moderate
2025,Punjab,Zaid,Moong,101.46,40.17,41.95,6.52,25.91,53.81,45.39,Loamy,Rainfed,10.0,0.37,Poor
2025,Punjab,Zaid,Moong,110.8,43.55,53.23,6.78,32.69,78.89,159.22,Clay,Irrigated,26.66,0.61,Moderate
2025,Punjab,Zaid,Watermelon,106.6,49.07,41.63,6.5,19.16,86.05,109.64,Sandy,Rainfed,25.58,0.51,Moderate
2025,Punjab,Zaid,Watermelon,107.42,35.13,30.34,6.92,28.56,75.62,82.05,Sandy,Irrigated,22.98,0.4,Poor
2025,Punjab,Zaid,Watermelon,73.21,37.23,49.66,6.82,29.57,64.57,82.29,Sandy,Rainfed,15.47,0.44,Poor
2025,Punjab,Zaid,Watermelon,121.86,64.56,44.13,6.83,29.47,74.4,87.0,Loamy,Rainfed,23.78,0.64,Moderate
2025,Punjab,Zaid,Cucumber,78.28,39.48,49.76,6.01,31.18,79.0,49.27,Sandy,Irrigated,21.25,0.52,Moderate
2025,Punjab,Zaid,Cucumber,80.81,32.27,34.62,6.71,31.49,71.8,36.27,Clay,Irrigated,14.62,0.47,Poor
2025,Punjab,Zaid,Cucumber,117.97,39.59,43.42,6.16,24.02,83.46,137.41,Sandy,Irrigated,27.37,0.58,Moderate
2025,Punjab,Zaid,Cucumber,79.23,66.69,35.97,6.72,26.77,57.76,0.0,Clay,Irrigated,19.83,0.61,Moderate
